par_4_263,par_4_262
par_4_262,par_4_261
par_4_261,par_4_1
par_4_1,par_4_2
par_4_2,par_4_3
par_4_3,par_4_4
par_4_4,par_4_5
par_4_5,par_4_6
par_4_6,par_4_7
par_4_7,par_4_8
par_4_8,par_4_9
par_4_9,par_4_10
par_4_10,par_4_11
par_4_11,par_4_12
par_4_12,par_4_13
par_4_13,par_4_14
par_4_14,par_4_15
par_4_15,par_4_16
par_4_16,par_4_17
par_4_17,par_4_18
par_4_18,par_4_19
par_4_19,par_4_20
par_4_20,par_4_21
par_4_21,par_4_22
par_4_22,par_4_23
par_4_23,par_4_24
par_4_24,par_4_25
par_4_25,par_4_26
par_4_26,par_4_27
par_4_27,par_4_293
par_4_293,par_4_294
par_4_294,par_4_295
par_4_325,acc_4_323_1062
acc_4_323_1062,par_4_323
par_4_323,par_4_322
par_4_322,par_4_260
par_4_260,par_4_28
par_4_28,par_4_29
par_4_29,par_4_30
par_4_30,par_4_31
par_4_31,par_4_32
par_4_32,par_4_33
par_4_33,par_4_34
par_4_34,par_4_12
par_4_12,par_4_36
par_4_36,par_4_37
par_4_37,par_4_38
par_4_38,par_4_39
par_4_39,par_4_40
par_4_40,par_4_41
par_4_41,par_4_6
par_4_273,par_4_272
par_4_272,par_4_271
par_4_271,par_4_270
par_4_270,par_4_269
par_4_269,par_4_268
par_4_268,par_4_267
par_4_267,par_4_43
par_4_43,par_4_44
par_4_44,par_4_45
par_4_45,par_4_46
par_4_46,par_4_47
par_4_47,par_4_12
par_4_12,par_4_49
par_4_49,par_4_50
par_4_50,par_4_51
par_4_51,par_4_52
par_4_52,par_4_53
par_4_52,par_4_39
par_4_39,par_4_9
par_4_9,par_4_57
par_4_57,par_4_58
par_4_58,par_4_59
par_4_59,par_4_60
par_4_60,par_4_30
par_4_30,par_4_62
par_4_62,par_4_63
par_4_63,par_4_64
par_4_64,par_4_65
par_4_65,par_4_66
par_4_66,par_4_67
par_4_67,acc_4_263_645
acc_4_263_645,par_4_69
par_4_69,par_4_70
par_4_70,par_4_71
par_4_71,par_4_72
par_4_72,par_4_73
par_4_73,par_4_264
par_4_264,par_4_265
par_4_265,par_4_263
par_4_252,par_4_253
par_4_253,par_4_74
par_4_74,par_4_75
par_4_75,par_4_76
par_4_76,par_4_77
par_4_77,par_4_78
par_4_78,par_4_79
par_4_79,par_4_80
par_4_80,par_4_28
par_4_28,par_4_63
par_4_63,par_4_83
par_4_83,par_4_84
par_4_84,par_4_57
par_4_57,par_4_86
par_4_86,par_4_11
par_4_11,par_4_49
par_4_49,par_4_36
par_4_36,par_4_90
par_4_90,par_4_91
par_4_91,par_4_92
par_4_92,par_4_93
par_4_93,par_4_94
par_4_94,par_4_95
par_4_95,par_4_96
par_4_96,par_4_97
par_4_97,par_4_98
par_4_98,par_4_99
par_4_99,par_4_100
par_4_100,par_4_101
par_4_101,par_4_102
par_4_102,par_4_103
par_4_104,par_4_105
par_4_105,par_4_96
par_4_96,par_4_107
par_4_107,par_4_108
par_4_108,par_4_109
par_4_109,par_4_43
par_4_43,par_4_259
par_4_259,par_4_111
par_4_111,par_4_18
par_4_18,par_4_113
par_4_113,par_4_114
par_4_114,par_4_115
par_4_115,par_4_29
par_4_29,par_4_63
par_4_63,par_4_64
par_4_64,par_4_119
par_4_119,par_4_120
par_4_120,par_4_6
par_4_6,acc_4_52_154
acc_4_52_154,par_4_123
par_4_123,par_4_124
par_4_124,par_4_53
par_4_53,par_4_52
par_4_52,par_4_127
par_4_127,par_4_128
par_4_128,par_4_129
par_4_129,par_4_130
par_4_130,par_4_104
par_4_296,par_4_292
par_4_292,par_4_291
par_4_291,par_4_290
par_4_290,par_4_289
par_4_289,par_4_288
par_4_288,par_4_287
par_4_287,par_4_286
par_4_286,par_4_132
par_4_132,par_4_133
par_4_133,par_4_134
par_4_134,par_4_135
par_4_135,par_4_136
par_4_136,par_4_78
par_4_78,par_4_138
par_4_138,par_4_139
par_4_139,par_4_140
par_4_140,par_4_64
par_4_64,par_4_142
par_4_142,par_4_143
par_4_143,par_4_41
par_4_41,par_4_145
par_4_145,acc_4_52_154
acc_4_52_154,par_4_147
par_4_147,par_4_148
par_4_148,par_4_149
par_4_149,par_4_150
par_4_150,par_4_151
par_4_151,par_4_152
par_4_152,par_4_153
par_4_153,par_4_154
par_4_120,par_4_156
par_4_156,par_4_258
par_4_258,par_4_71
par_4_71,par_4_158
par_4_158,par_4_159
par_4_159,par_4_160
par_4_160,par_4_285
par_4_345,acc_4_109_295
acc_4_109_295,par_4_161
par_4_161,par_4_162
par_4_162,par_4_163
par_4_163,par_4_1
par_4_1,par_4_165
par_4_165,par_4_166
par_4_166,par_4_156
par_4_156,par_4_168
par_4_168,par_4_169
par_4_169,par_4_64
par_4_64,par_4_83
par_4_83,par_4_31
par_4_31,par_4_173
par_4_173,par_4_114
par_4_114,par_4_175
par_4_175,par_4_176
par_4_176,par_4_177
par_4_177,par_4_178
par_4_178,par_4_179
par_4_179,par_4_180
par_4_180,par_4_181
par_4_181,par_4_182
par_4_182,par_4_183
par_4_183,par_4_300
par_4_300,par_4_184
par_4_184,par_4_185
par_4_185,par_4_186
par_4_284,par_4_283
par_4_283,par_4_282
par_4_282,par_4_281
par_4_281,par_4_280
par_4_280,par_4_279
par_4_279,par_4_278
par_4_278,par_4_277
par_4_277,par_4_276
par_4_276,par_4_275
par_4_275,par_4_274
par_4_274,acc_4_10_35
acc_4_10_35,par_4_188
par_4_188,par_4_261
par_4_261,par_4_1
par_4_1,par_4_191
par_4_191,par_4_192
par_4_192,par_4_120
par_4_120,par_4_142
par_4_142,par_4_57
par_4_57,par_4_10
par_4_10,par_4_50
par_4_50,par_4_127
par_4_127,par_4_199
par_4_199,par_4_200
par_4_200,par_4_103
par_4_103,par_4_202
par_4_202,par_4_257
par_4_257,par_4_203
par_4_203,par_4_204
par_4_204,par_4_205
par_4_108,par_4_207
par_4_207,par_4_208
par_4_208,acc_4_90_247
acc_4_90_247,par_4_255
par_4_255,par_4_256
par_4_256,par_4_305
par_4_205,par_4_210
par_4_210,par_4_211
par_4_211,par_4_212
par_4_212,par_4_213
par_4_213,par_4_214
par_4_214,par_4_215
par_4_215,par_4_216
par_4_216,acc_4_9_30
acc_4_9_30,par_4_218
par_4_218,par_4_219
par_4_219,par_4_220
par_4_220,par_4_221
par_4_221,par_4_222
par_4_222,par_4_223
par_4_223,par_4_224
par_4_224,par_4_225
par_4_225,par_4_226
par_4_226,par_4_227
par_4_227,par_4_228
par_4_228,par_4_229
par_4_229,par_4_230
par_4_230,par_4_231
par_4_231,par_4_232
par_4_232,par_4_233
par_4_233,par_4_234
par_4_234,par_4_235
par_4_235,par_4_236
par_4_236,par_4_205
par_4_36,par_4_127
